"No.","Time","Source","Destination","Protocol","Length","Leftover Capture Data","Info"
"51","8.808610","1.12.1","host","USB","35","0000080000000000","URB_INTERRUPT in"
"52","8.933609","1.12.1","host","USB","35","0000000000000000","URB_INTERRUPT in"
"53","9.114634","1.12.1","host","USB","35","00000e0000000000","URB_INTERRUPT in"
"54","9.229625","1.12.1","host","USB","35","0000000000000000","URB_INTERRUPT in"
"55","9.329610","1.12.1","host","USB","35","0000160000000000","URB_INTERRUPT in"
"56","9.415610","1.12.1","host","USB","35","0000000000000000","URB_INTERRUPT in"
"57","10.938607","1.12.1","host","USB","35","0200000000000000","URB_INTERRUPT in"
"58","11.470610","1.12.1","host","USB","35","02001f0000000000","URB_INTERRUPT in"
"59","11.580607","1.12.1","host","USB","35","0200000000000000","URB_INTERRUPT in"
"60","11.830633","1.12.1","host","USB","35","0000000000000000","URB_INTERRUPT in"
"61","15.224603","1.12.1","host","USB","35","00000b0000000000","URB_INTERRUPT in"
"62","15.299636","1.12.1","host","USB","35","0000000000000000","URB_INTERRUPT in"
"63","15.509603","1.12.1","host","USB","35","0000040000000000","URB_INTERRUPT in"
"64","15.615602","1.12.1","host","USB","35","0000000000000000","URB_INTERRUPT in"
"65","15.775604","1.12.1","host","USB","35","0000060000000000","URB_INTERRUPT in"
"66","15.850604","1.12.1","host","USB","35","0000000000000000","URB_INTERRUPT in"
"67","15.955603","1.12.1","host","USB","35","00000e0000000000","URB_INTERRUPT in"
"68","16.026604","1.12.1","host","USB","35","0000000000000000","URB_INTERRUPT in"
"69","16.236603","1.12.1","host","USB","35","0000170000000000","URB_INTERRUPT in"
"70","16.301604","1.12.1","host","USB","35","0000000000000000","URB_INTERRUPT in"
"71","16.452603","1.12.1","host","USB","35","00000b0000000000","URB_INTERRUPT in"
"72","16.522603","1.12.1","host","USB","35","0000000000000000","URB_INTERRUPT in"
"73","16.677602","1.12.1","host","USB","35","0000080000000000","URB_INTERRUPT in"
"74","16.757602","1.12.1","host","USB","35","0000000000000000","URB_INTERRUPT in"
"75","16.863625","1.12.1","host","USB","35","0000050000000000","URB_INTERRUPT in"
"76","16.923602","1.12.1","host","USB","35","0000000000000000","URB_INTERRUPT in"
"77","17.118593","1.12.1","host","USB","35","0000120000000000","URB_INTERRUPT in"
"78","17.193629","1.12.1","host","USB","35","0000000000000000","URB_INTERRUPT in"
"79","17.339602","1.12.1","host","USB","35","00001b0000000000","URB_INTERRUPT in"
"80","17.394602","1.12.1","host","USB","35","0000000000000000","URB_INTERRUPT in"
"81","17.705601","1.12.1","host","USB","35","0000370000000000","URB_INTERRUPT in"
"82","17.785601","1.12.1","host","USB","35","0000000000000000","URB_INTERRUPT in"
"83","18.101599","1.12.1","host","USB","35","0000080000000000","URB_INTERRUPT in"
"84","18.196601","1.12.1","host","USB","35","0000000000000000","URB_INTERRUPT in"
"85","18.246627","1.12.1","host","USB","35","0000180000000000","URB_INTERRUPT in"
"86","18.316602","1.12.1","host","USB","35","0000000000000000","URB_INTERRUPT in"
"87","19.549600","1.12.1","host","USB","35","0000280000000000","URB_INTERRUPT in"
"88","19.639859","1.12.1","host","USB","35","0000000000000000","URB_INTERRUPT in"
"89","21.679599","1.12.1","host","USB","35","0200000000000000","URB_INTERRUPT in"
"90","22.356597","1.12.1","host","USB","35","0200170000000000","URB_INTERRUPT in"
"91","22.431597","1.12.1","host","USB","35","0200000000000000","URB_INTERRUPT in"
"92","22.536597","1.12.1","host","USB","35","0000000000000000","URB_INTERRUPT in"
"93","23.168598","1.12.1","host","USB","35","00000b0000000000","URB_INTERRUPT in"
"94","23.243597","1.12.1","host","USB","35","0000000000000000","URB_INTERRUPT in"
"95","23.849596","1.12.1","host","USB","35","00001e0000000000","URB_INTERRUPT in"
"96","23.920596","1.12.1","host","USB","35","0000000000000000","URB_INTERRUPT in"
"97","24.366594","1.12.1","host","USB","35","0000160000000000","URB_INTERRUPT in"
"98","24.471621","1.12.1","host","USB","35","0000000000000000","URB_INTERRUPT in"
"99","25.133620","1.12.1","host","USB","35","0200000000000000","URB_INTERRUPT in"
"100","25.609596","1.12.1","host","USB","35","0200060000000000","URB_INTERRUPT in"
"101","25.709621","1.12.1","host","USB","35","0200000000000000","URB_INTERRUPT in"
"102","25.769619","1.12.1","host","USB","35","0000000000000000","URB_INTERRUPT in"
"103","26.185593","1.12.1","host","USB","35","0000270000000000","URB_INTERRUPT in"
"104","26.275593","1.12.1","host","USB","35","0000000000000000","URB_INTERRUPT in"
"105","26.646619","1.12.1","host","USB","35","0000180000000000","URB_INTERRUPT in"
"106","26.711619","1.12.1","host","USB","35","0000000000000000","URB_INTERRUPT in"
"107","27.102591","1.12.1","host","USB","35","00000f0000000000","URB_INTERRUPT in"
"108","27.188592","1.12.1","host","USB","35","0000000000000000","URB_INTERRUPT in"
"109","27.403593","1.12.1","host","USB","35","0000070000000000","URB_INTERRUPT in"
"110","27.488592","1.12.1","host","USB","35","0000000000000000","URB_INTERRUPT in"
"111","27.929591","1.12.1","host","USB","35","0200000000000000","URB_INTERRUPT in"
"112","28.927591","1.12.1","host","USB","35","0200050000000000","URB_INTERRUPT in"
"113","29.027590","1.12.1","host","USB","35","0200000000000000","URB_INTERRUPT in"
"114","29.248609","1.12.1","host","USB","35","0000000000000000","URB_INTERRUPT in"
"115","30.536590","1.12.1","host","USB","35","0000200000000000","URB_INTERRUPT in"
"116","30.656591","1.12.1","host","USB","35","0000000000000000","URB_INTERRUPT in"
"117","30.957615","1.12.1","host","USB","35","0200000000000000","URB_INTERRUPT in"
"118","31.222589","1.12.1","host","USB","35","0200100000000000","URB_INTERRUPT in"
"119","31.318616","1.12.1","host","USB","35","0200000000000000","URB_INTERRUPT in"
"120","31.423590","1.12.1","host","USB","35","0000000000000000","URB_INTERRUPT in"
"121","31.633588","1.12.1","host","USB","35","00001c0000000000","URB_INTERRUPT in"
"122","31.698615","1.12.1","host","USB","35","0000000000000000","URB_INTERRUPT in"
"123","32.165587","1.12.1","host","USB","35","0200000000000000","URB_INTERRUPT in"
"124","32.530588","1.12.1","host","USB","35","0200150000000000","URB_INTERRUPT in"
"125","32.611589","1.12.1","host","USB","35","0200000000000000","URB_INTERRUPT in"
"126","32.701582","1.12.1","host","USB","35","0000000000000000","URB_INTERRUPT in"
"127","32.901620","1.12.1","host","USB","35","0000200000000000","URB_INTERRUPT in"
"128","32.987588","1.12.1","host","USB","35","0000000000000000","URB_INTERRUPT in"
"129","33.242587","1.12.1","host","USB","35","0000040000000000","URB_INTERRUPT in"
"130","33.332588","1.12.1","host","USB","35","0000000000000000","URB_INTERRUPT in"
"131","33.458587","1.12.1","host","USB","35","00000f0000000000","URB_INTERRUPT in"
"132","33.533587","1.12.1","host","USB","35","0000000000000000","URB_INTERRUPT in"
"133","33.688587","1.12.1","host","USB","35","0200000000000000","URB_INTERRUPT in"
"134","33.964586","1.12.1","host","USB","35","0200130000000000","URB_INTERRUPT in"
"135","34.044612","1.12.1","host","USB","35","0200000000000000","URB_INTERRUPT in"
"136","34.600586","1.12.1","host","USB","35","02001f0000000000","URB_INTERRUPT in"
"137","34.726585","1.12.1","host","USB","35","0200000000000000","URB_INTERRUPT in"
"138","35.122585","1.12.1","host","USB","35","0000000000000000","URB_INTERRUPT in"
"139","35.437585","1.12.1","host","USB","35","0000160000000000","URB_INTERRUPT in"
"140","35.498586","1.12.1","host","USB","35","0000000000000000","URB_INTERRUPT in"
"141","35.588585","1.12.1","host","USB","35","0000160000000000","URB_INTERRUPT in"
"142","35.653586","1.12.1","host","USB","35","0000000000000000","URB_INTERRUPT in"
"143","36.355585","1.12.1","host","USB","35","00001a0000000000","URB_INTERRUPT in"
"144","36.440611","1.12.1","host","USB","35","0000000000000000","URB_INTERRUPT in"
"145","36.665614","1.12.1","host","USB","35","0000270000000000","URB_INTERRUPT in"
"146","36.746584","1.12.1","host","USB","35","0000000000000000","URB_INTERRUPT in"
"147","36.981585","1.12.1","host","USB","35","0000150000000000","URB_INTERRUPT in"
"148","37.051583","1.12.1","host","USB","35","0000000000000000","URB_INTERRUPT in"
"149","37.182607","1.12.1","host","USB","35","0000070000000000","URB_INTERRUPT in"
"150","37.262584","1.12.1","host","USB","35","0000000000000000","URB_INTERRUPT in"
"151","40.540581","1.12.1","host","USB","35","0000280000000000","URB_INTERRUPT in"
"152","40.625582","1.12.1","host","USB","35","0000000000000000","URB_INTERRUPT in"
"153","48.274572","1.12.1","host","USB","35","0200000000000000","URB_INTERRUPT in"
"154","49.271573","1.12.1","host","USB","35","0200140000000000","URB_INTERRUPT in"
"155","49.406599","1.12.1","host","USB","35","0200000000000000","URB_INTERRUPT in"
"156","52.704600","1.12.1","host","USB","35","02000e0000000000","URB_INTERRUPT in"
"157","52.805596","1.12.1","host","USB","35","0200000000000000","URB_INTERRUPT in"
"158","53.160595","1.12.1","host","USB","35","0000000000000000","URB_INTERRUPT in"
"159","54.869566","1.12.1","host","USB","35","0000500000000000","URB_INTERRUPT in"
"160","55.005593","1.12.1","host","USB","35","0000000000000000","URB_INTERRUPT in"
"161","55.717566","1.12.1","host","USB","35","0200000000000000","URB_INTERRUPT in"
"162","56.363591","1.12.1","host","USB","35","02002d0000000000","URB_INTERRUPT in"
"163","56.488567","1.12.1","host","USB","35","0200000000000000","URB_INTERRUPT in"
"164","56.769566","1.12.1","host","USB","35","0000000000000000","URB_INTERRUPT in"
"165","60.368562","1.12.1","host","USB","35","00004f0000000000","URB_INTERRUPT in"
"166","60.483564","1.12.1","host","USB","35","0000000000000000","URB_INTERRUPT in"
"167","61.606561","1.12.1","host","USB","35","0000370000000000","URB_INTERRUPT in"
"168","61.686591","1.12.1","host","USB","35","0000000000000000","URB_INTERRUPT in"
"169","62.744586","1.12.1","host","USB","35","0000500000000000","URB_INTERRUPT in"
"170","62.894561","1.12.1","host","USB","35","0000000000000000","URB_INTERRUPT in"
"171","63.094559","1.12.1","host","USB","35","0000500000000000","URB_INTERRUPT in"
"172","63.225592","1.12.1","host","USB","35","0000000000000000","URB_INTERRUPT in"
"173","63.445585","1.12.1","host","USB","35","0000500000000000","URB_INTERRUPT in"
"174","63.576560","1.12.1","host","USB","35","0000000000000000","URB_INTERRUPT in"
"175","63.911585","1.12.1","host","USB","35","0000500000000000","URB_INTERRUPT in"
"176","64.017559","1.12.1","host","USB","35","0000000000000000","URB_INTERRUPT in"
"177","64.342586","1.12.1","host","USB","35","0200000000000000","URB_INTERRUPT in"
"178","66.693582","1.12.1","host","USB","35","02000b0000000000","URB_INTERRUPT in"
"179","66.763557","1.12.1","host","USB","35","0200000000000000","URB_INTERRUPT in"
"180","66.944555","1.12.1","host","USB","35","0000000000000000","URB_INTERRUPT in"
"181","68.818558","1.12.1","host","USB","35","00004f0000000000","URB_INTERRUPT in"
"182","68.923571","1.12.1","host","USB","35","0000000000000000","URB_INTERRUPT in"
"183","72.723549","1.12.1","host","USB","35","0000220000000000","URB_INTERRUPT in"
"184","72.798551","1.12.1","host","USB","35","0000000000000000","URB_INTERRUPT in"
"185","75.810549","1.12.1","host","USB","35","0000500000000000","URB_INTERRUPT in"
"186","75.915574","1.12.1","host","USB","35","0000000000000000","URB_INTERRUPT in"
"187","76.517547","1.12.1","host","USB","35","0000500000000000","URB_INTERRUPT in"
"188","76.647573","1.12.1","host","USB","35","0000000000000000","URB_INTERRUPT in"
"189","76.993548","1.12.1","host","USB","35","0200000000000000","URB_INTERRUPT in"
"190","78.286573","1.12.1","host","USB","35","02002f0000000000","URB_INTERRUPT in"
"191","78.361544","1.12.1","host","USB","35","0200000000000000","URB_INTERRUPT in"
"192","78.572547","1.12.1","host","USB","35","0000000000000000","URB_INTERRUPT in"
"193","83.043542","1.12.1","host","USB","35","0200000000000000","URB_INTERRUPT in"
"194","83.423567","1.12.1","host","USB","35","02002d0000000000","URB_INTERRUPT in"
"195","83.499542","1.12.1","host","USB","35","0200000000000000","URB_INTERRUPT in"
"196","83.704571","1.12.1","host","USB","35","0000000000000000","URB_INTERRUPT in"
"197","94.375533","1.12.1","host","USB","35","0000500000000000","URB_INTERRUPT in"
"198","94.450557","1.12.1","host","USB","35","0000000000000000","URB_INTERRUPT in"
"199","105.111522","1.12.1","host","USB","35","0200000000000000","URB_INTERRUPT in"
"200","105.622547","1.12.1","host","USB","35","02000c0000000000","URB_INTERRUPT in"
"201","105.702519","1.12.1","host","USB","35","0200000000000000","URB_INTERRUPT in"
"202","105.993521","1.12.1","host","USB","35","0000000000000000","URB_INTERRUPT in"
"203","110.679543","1.12.1","host","USB","35","00004f0000000000","URB_INTERRUPT in"
"204","110.785516","1.12.1","host","USB","35","0000000000000000","URB_INTERRUPT in"
"205","111.065515","1.12.1","host","USB","35","00004f0000000000","URB_INTERRUPT in"
"206","111.151517","1.12.1","host","USB","35","0000000000000000","URB_INTERRUPT in"
"207","113.256514","1.12.1","host","USB","35","0000060000000000","URB_INTERRUPT in"
"208","113.366516","1.12.1","host","USB","35","0000000000000000","URB_INTERRUPT in"
"209","113.561539","1.12.1","host","USB","35","00000e0000000000","URB_INTERRUPT in"
"210","113.642514","1.12.1","host","USB","35","0000000000000000","URB_INTERRUPT in"
"211","116.233513","1.12.1","host","USB","35","00004f0000000000","URB_INTERRUPT in"
"212","116.383512","1.12.1","host","USB","35","0000000000000000","URB_INTERRUPT in"
"213","118.132536","1.12.1","host","USB","35","0000340000000000","URB_INTERRUPT in"
"214","118.218511","1.12.1","host","USB","35","0000000000000000","URB_INTERRUPT in"
"215","118.799535","1.12.1","host","USB","35","00004f0000000000","URB_INTERRUPT in"
"216","118.924535","1.12.1","host","USB","35","0000000000000000","URB_INTERRUPT in"
"217","119.205510","1.12.1","host","USB","35","00004f0000000000","URB_INTERRUPT in"
"218","119.325535","1.12.1","host","USB","35","0000000000000000","URB_INTERRUPT in"
"219","121.656533","1.12.1","host","USB","35","0000050000000000","URB_INTERRUPT in"
"220","121.736507","1.12.1","host","USB","35","0000000000000000","URB_INTERRUPT in"
"221","122.207506","1.12.1","host","USB","35","0000270000000000","URB_INTERRUPT in"
"222","122.292506","1.12.1","host","USB","35","0000000000000000","URB_INTERRUPT in"
"223","124.357530","1.12.1","host","USB","35","0000500000000000","URB_INTERRUPT in"
"224","124.483503","1.12.1","host","USB","35","0000000000000000","URB_INTERRUPT in"
"225","124.869530","1.12.1","host","USB","35","0000500000000000","URB_INTERRUPT in"
"226","124.999504","1.12.1","host","USB","35","0000000000000000","URB_INTERRUPT in"
"227","125.245495","1.12.1","host","USB","35","0000500000000000","URB_INTERRUPT in"
"228","125.380504","1.12.1","host","USB","35","0000000000000000","URB_INTERRUPT in"
"229","125.696502","1.12.1","host","USB","35","0000500000000000","URB_INTERRUPT in"
"230","125.836503","1.12.1","host","USB","35","0000000000000000","URB_INTERRUPT in"
"231","126.016528","1.12.1","host","USB","35","0000500000000000","URB_INTERRUPT in"
"232","126.142501","1.12.1","host","USB","35","0000000000000000","URB_INTERRUPT in"
"233","126.287501","1.12.1","host","USB","35","0000500000000000","URB_INTERRUPT in"
"234","126.407527","1.12.1","host","USB","35","0000000000000000","URB_INTERRUPT in"
"235","126.513528","1.12.1","host","USB","35","0000500000000000","URB_INTERRUPT in"
"236","126.633641","1.12.1","host","USB","35","0000000000000000","URB_INTERRUPT in"
"237","126.793501","1.12.1","host","USB","35","0000500000000000","URB_INTERRUPT in"
"238","126.924501","1.12.1","host","USB","35","0000000000000000","URB_INTERRUPT in"
"239","127.229527","1.12.1","host","USB","35","0000500000000000","URB_INTERRUPT in"
"240","127.340501","1.12.1","host","USB","35","0000000000000000","URB_INTERRUPT in"
"241","127.726502","1.12.1","host","USB","35","0200000000000000","URB_INTERRUPT in"
"242","128.292500","1.12.1","host","USB","35","02000c0000000000","URB_INTERRUPT in"
"243","128.382501","1.12.1","host","USB","35","0200000000000000","URB_INTERRUPT in"
"244","128.568526","1.12.1","host","USB","35","0000000000000000","URB_INTERRUPT in"
"245","129.956525","1.12.1","host","USB","35","0000500000000000","URB_INTERRUPT in"
"246","130.086526","1.12.1","host","USB","35","0000000000000000","URB_INTERRUPT in"
"247","130.397525","1.12.1","host","USB","35","0000500000000000","URB_INTERRUPT in"
"248","130.527498","1.12.1","host","USB","35","0000000000000000","URB_INTERRUPT in"
"249","130.663498","1.12.1","host","USB","35","0000500000000000","URB_INTERRUPT in"
"250","130.783525","1.12.1","host","USB","35","0000000000000000","URB_INTERRUPT in"
"251","130.938497","1.12.1","host","USB","35","0000500000000000","URB_INTERRUPT in"
"252","131.054499","1.12.1","host","USB","35","0000000000000000","URB_INTERRUPT in"
"253","131.881497","1.12.1","host","USB","35","0200000000000000","URB_INTERRUPT in"
"254","132.176496","1.12.1","host","USB","35","0200170000000000","URB_INTERRUPT in"
"255","132.287497","1.12.1","host","USB","35","0200000000000000","URB_INTERRUPT in"
"256","132.462833","1.12.1","host","USB","35","0000000000000000","URB_INTERRUPT in"
"257","133.179497","1.12.1","host","USB","35","00004f0000000000","URB_INTERRUPT in"
"258","133.324497","1.12.1","host","USB","35","0000000000000000","URB_INTERRUPT in"
"259","133.560496","1.12.1","host","USB","35","00004f0000000000","URB_INTERRUPT in"
"260","133.665521","1.12.1","host","USB","35","0000000000000000","URB_INTERRUPT in"
"261","135.073495","1.12.1","host","USB","35","0000090000000000","URB_INTERRUPT in"
"262","135.159494","1.12.1","host","USB","35","0000000000000000","URB_INTERRUPT in"
"263","136.031494","1.12.1","host","USB","35","00004f0000000000","URB_INTERRUPT in"
"264","136.151493","1.12.1","host","USB","35","0000000000000000","URB_INTERRUPT in"
"265","136.331494","1.12.1","host","USB","35","00004f0000000000","URB_INTERRUPT in"
"266","136.437518","1.12.1","host","USB","35","0000000000000000","URB_INTERRUPT in"
"267","136.642519","1.12.1","host","USB","35","00004f0000000000","URB_INTERRUPT in"
"268","136.778520","1.12.1","host","USB","35","0000000000000000","URB_INTERRUPT in"
"269","138.632518","1.12.1","host","USB","35","00004f0000000000","URB_INTERRUPT in"
"270","138.772490","1.12.1","host","USB","35","0000000000000000","URB_INTERRUPT in"
"271","139.073550","1.12.1","host","USB","35","00004f0000000000","URB_INTERRUPT in"
"272","139.193517","1.12.1","host","USB","35","0000000000000000","URB_INTERRUPT in"
"273","139.910516","1.12.1","host","USB","35","00004f0000000000","URB_INTERRUPT in"
"274","140.000515","1.12.1","host","USB","35","0000000000000000","URB_INTERRUPT in"
"275","142.196487","1.12.1","host","USB","35","0200000000000000","URB_INTERRUPT in"
"276","143.068512","1.12.1","host","USB","35","02002d0000000000","URB_INTERRUPT in"
"277","143.168486","1.12.1","host","USB","35","0200000000000000","URB_INTERRUPT in"
"278","143.298486","1.12.1","host","USB","35","0000000000000000","URB_INTERRUPT in"
"279","144.501512","1.12.1","host","USB","35","00004f0000000000","URB_INTERRUPT in"
"280","144.606486","1.12.1","host","USB","35","0000000000000000","URB_INTERRUPT in"
"281","145.489512","1.12.1","host","USB","35","00004f0000000000","URB_INTERRUPT in"
"282","145.599486","1.12.1","host","USB","35","0000000000000000","URB_INTERRUPT in"
"283","146.205484","1.12.1","host","USB","35","00004f0000000000","URB_INTERRUPT in"
"284","146.336484","1.12.1","host","USB","35","0000000000000000","URB_INTERRUPT in"
"285","146.551510","1.12.1","host","USB","35","00004f0000000000","URB_INTERRUPT in"
"286","146.686484","1.12.1","host","USB","35","0000000000000000","URB_INTERRUPT in"
"287","146.872485","1.12.1","host","USB","35","00004f0000000000","URB_INTERRUPT in"
"288","147.022509","1.12.1","host","USB","35","0000000000000000","URB_INTERRUPT in"
"289","147.313484","1.12.1","host","USB","35","00004f0000000000","URB_INTERRUPT in"
"290","147.418481","1.12.1","host","USB","35","0000000000000000","URB_INTERRUPT in"
"291","148.300481","1.12.1","host","USB","35","0200000000000000","URB_INTERRUPT in"
"292","149.162482","1.12.1","host","USB","35","0200300000000000","URB_INTERRUPT in"
"293","149.233482","1.12.1","host","USB","35","0200000000000000","URB_INTERRUPT in"
"294","149.443508","1.12.1","host","USB","35","0000000000000000","URB_INTERRUPT in"
"295","150.736511","1.12.1","host","USB","35","0000500000000000","URB_INTERRUPT in"
"296","150.867506","1.12.1","host","USB","35","0000000000000000","URB_INTERRUPT in"
"297","152.185480","1.12.1","host","USB","35","0000370000000000","URB_INTERRUPT in"
"298","152.270481","1.12.1","host","USB","35","0000000000000000","URB_INTERRUPT in"
"299","152.906478","1.12.1","host","USB","35","0000500000000000","URB_INTERRUPT in"
"300","153.012480","1.12.1","host","USB","35","0000000000000000","URB_INTERRUPT in"
"301","154.295476","1.12.1","host","USB","35","0000370000000000","URB_INTERRUPT in"
"302","154.370476","1.12.1","host","USB","35","0000000000000000","URB_INTERRUPT in"
"303","155.478502","1.12.1","host","USB","35","0000500000000000","URB_INTERRUPT in"
"304","155.588502","1.12.1","host","USB","35","0000000000000000","URB_INTERRUPT in"
"305","155.768501","1.12.1","host","USB","35","0000500000000000","URB_INTERRUPT in"
"306","155.889475","1.12.1","host","USB","35","0000000000000000","URB_INTERRUPT in"
"307","156.039473","1.12.1","host","USB","35","0000500000000000","URB_INTERRUPT in"
"308","156.159501","1.12.1","host","USB","35","0000000000000000","URB_INTERRUPT in"
"309","156.445499","1.12.1","host","USB","35","0000500000000000","URB_INTERRUPT in"
"310","156.565507","1.12.1","host","USB","35","0000000000000000","URB_INTERRUPT in"
"311","159.352497","1.12.1","host","USB","35","0000200000000000","URB_INTERRUPT in"
"312","159.477472","1.12.1","host","USB","35","0000000000000000","URB_INTERRUPT in"
"313","159.858497","1.12.1","host","USB","35","0000500000000000","URB_INTERRUPT in"
"314","159.979472","1.12.1","host","USB","35","0000000000000000","URB_INTERRUPT in"
"315","160.279471","1.12.1","host","USB","35","0000500000000000","URB_INTERRUPT in"
"316","160.405497","1.12.1","host","USB","35","0000000000000000","URB_INTERRUPT in"
"317","160.916472","1.12.1","host","USB","35","0000500000000000","URB_INTERRUPT in"
"318","161.026498","1.12.1","host","USB","35","0000000000000000","URB_INTERRUPT in"
"319","161.161496","1.12.1","host","USB","35","0000500000000000","URB_INTERRUPT in"
"320","161.277470","1.12.1","host","USB","35","0000000000000000","URB_INTERRUPT in"
"321","161.808496","1.12.1","host","USB","35","0000500000000000","URB_INTERRUPT in"
"322","161.923470","1.12.1","host","USB","35","0000000000000000","URB_INTERRUPT in"
"323","162.324468","1.12.1","host","USB","35","0000500000000000","URB_INTERRUPT in"
"324","162.445500","1.12.1","host","USB","35","0000000000000000","URB_INTERRUPT in"
"325","162.820468","1.12.1","host","USB","35","0000500000000000","URB_INTERRUPT in"
"326","162.951468","1.12.1","host","USB","35","0000000000000000","URB_INTERRUPT in"
"327","163.542468","1.12.1","host","USB","35","0000500000000000","URB_INTERRUPT in"
"328","163.627469","1.12.1","host","USB","35","0000000000000000","URB_INTERRUPT in"
"329","165.321492","1.12.1","host","USB","35","0000180000000000","URB_INTERRUPT in"
"330","165.417466","1.12.1","host","USB","35","0000000000000000","URB_INTERRUPT in"
"331","167.111465","1.12.1","host","USB","35","0000500000000000","URB_INTERRUPT in"
"332","167.226492","1.12.1","host","USB","35","0000000000000000","URB_INTERRUPT in"
"333","167.657465","1.12.1","host","USB","35","0000500000000000","URB_INTERRUPT in"
"334","167.782490","1.12.1","host","USB","35","0000000000000000","URB_INTERRUPT in"
"335","169.071493","1.12.1","host","USB","35","0000170000000000","URB_INTERRUPT in"
"336","169.151490","1.12.1","host","USB","35","0000000000000000","URB_INTERRUPT in"
"337","169.502488","1.12.1","host","USB","35","0200000000000000","URB_INTERRUPT in"
"338","169.857464","1.12.1","host","USB","35","02002d0000000000","URB_INTERRUPT in"
"339","169.938463","1.12.1","host","USB","35","0200000000000000","URB_INTERRUPT in"
"340","170.093461","1.12.1","host","USB","35","0000000000000000","URB_INTERRUPT in"
"341","171.531462","1.12.1","host","USB","35","00004f0000000000","URB_INTERRUPT in"
"342","171.667487","1.12.1","host","USB","35","0000000000000000","URB_INTERRUPT in"
"343","171.902486","1.12.1","host","USB","35","00004f0000000000","URB_INTERRUPT in"
"344","171.998460","1.12.1","host","USB","35","0000000000000000","URB_INTERRUPT in"
"345","172.820486","1.12.1","host","USB","35","0000040000000000","URB_INTERRUPT in"
"346","172.895461","1.12.1","host","USB","35","0000000000000000","URB_INTERRUPT in"
"347","174.168496","1.12.1","host","USB","35","0000500000000000","URB_INTERRUPT in"
"348","174.363460","1.12.1","host","USB","35","0000000000000000","URB_INTERRUPT in"
"349","174.719457","1.12.1","host","USB","35","0000500000000000","URB_INTERRUPT in"
"350","174.860456","1.12.1","host","USB","35","0000000000000000","URB_INTERRUPT in"
"351","175.040458","1.12.1","host","USB","35","0000500000000000","URB_INTERRUPT in"
"352","175.165458","1.12.1","host","USB","35","0000000000000000","URB_INTERRUPT in"
"353","175.316457","1.12.1","host","USB","35","0000500000000000","URB_INTERRUPT in"
"354","175.421458","1.12.1","host","USB","35","0000000000000000","URB_INTERRUPT in"
"355","175.541458","1.12.1","host","USB","35","0000500000000000","URB_INTERRUPT in"
"356","175.641490","1.12.1","host","USB","35","0000000000000000","URB_INTERRUPT in"
"357","175.752458","1.12.1","host","USB","35","0000500000000000","URB_INTERRUPT in"
"358","175.837457","1.12.1","host","USB","35","0000000000000000","URB_INTERRUPT in"
"359","175.937458","1.12.1","host","USB","35","0000500000000000","URB_INTERRUPT in"
"360","176.017457","1.12.1","host","USB","35","0000000000000000","URB_INTERRUPT in"
"361","176.128453","1.12.1","host","USB","35","0000500000000000","URB_INTERRUPT in"
"362","176.223457","1.12.1","host","USB","35","0000000000000000","URB_INTERRUPT in"
"363","176.448456","1.12.1","host","USB","35","0000500000000000","URB_INTERRUPT in"
"364","176.554483","1.12.1","host","USB","35","0000000000000000","URB_INTERRUPT in"
"365","176.789457","1.12.1","host","USB","35","0000500000000000","URB_INTERRUPT in"
"366","176.884457","1.12.1","host","USB","35","0000000000000000","URB_INTERRUPT in"
"367","177.145482","1.12.1","host","USB","35","0200000000000000","URB_INTERRUPT in"
"368","177.616472","1.12.1","host","USB","35","0200050000000000","URB_INTERRUPT in"
"369","177.691455","1.12.1","host","USB","35","0200000000000000","URB_INTERRUPT in"
"370","177.862455","1.12.1","host","USB","35","0000000000000000","URB_INTERRUPT in"
"371","178.378456","1.12.1","host","USB","35","00004f0000000000","URB_INTERRUPT in"
"372","178.508455","1.12.1","host","USB","35","0000000000000000","URB_INTERRUPT in"
"373","178.709454","1.12.1","host","USB","35","00004f0000000000","URB_INTERRUPT in"
"374","178.824462","1.12.1","host","USB","35","0000000000000000","URB_INTERRUPT in"
"375","178.984455","1.12.1","host","USB","35","00004f0000000000","URB_INTERRUPT in"
"376","179.090454","1.12.1","host","USB","35","0000000000000000","URB_INTERRUPT in"
"377","179.230455","1.12.1","host","USB","35","00004f0000000000","URB_INTERRUPT in"
"378","179.330480","1.12.1","host","USB","35","0000000000000000","URB_INTERRUPT in"
"379","179.471454","1.12.1","host","USB","35","00004f0000000000","URB_INTERRUPT in"
"380","179.586455","1.12.1","host","USB","35","0000000000000000","URB_INTERRUPT in"
"381","179.731480","1.12.1","host","USB","35","00004f0000000000","URB_INTERRUPT in"
"382","179.842453","1.12.1","host","USB","35","0000000000000000","URB_INTERRUPT in"
"383","179.992453","1.12.1","host","USB","35","00004f0000000000","URB_INTERRUPT in"
"384","180.082455","1.12.1","host","USB","35","0000000000000000","URB_INTERRUPT in"
"385","180.243479","1.12.1","host","USB","35","00004f0000000000","URB_INTERRUPT in"
"386","180.348452","1.12.1","host","USB","35","0000000000000000","URB_INTERRUPT in"
"387","180.498453","1.12.1","host","USB","35","00004f0000000000","URB_INTERRUPT in"
"388","180.598483","1.12.1","host","USB","35","0000000000000000","URB_INTERRUPT in"
"389","180.759453","1.12.1","host","USB","35","00004f0000000000","URB_INTERRUPT in"
"390","180.839477","1.12.1","host","USB","35","0000000000000000","URB_INTERRUPT in"
"391","181.024479","1.12.1","host","USB","35","00004f0000000000","URB_INTERRUPT in"
"392","181.130452","1.12.1","host","USB","35","0000000000000000","URB_INTERRUPT in"
"393","181.270454","1.12.1","host","USB","35","00004f0000000000","URB_INTERRUPT in"
"394","181.370478","1.12.1","host","USB","35","0000000000000000","URB_INTERRUPT in"
"395","181.566477","1.12.1","host","USB","35","00004f0000000000","URB_INTERRUPT in"
"396","181.676452","1.12.1","host","USB","35","0000000000000000","URB_INTERRUPT in"
"397","182.017480","1.12.1","host","USB","35","00004f0000000000","URB_INTERRUPT in"
"398","182.137479","1.12.1","host","USB","35","0000000000000000","URB_INTERRUPT in"
"399","187.716449","1.12.1","host","USB","35","0000170000000000","URB_INTERRUPT in"
"400","187.801473","1.12.1","host","USB","35","0000000000000000","URB_INTERRUPT in"
"401","188.573448","1.12.1","host","USB","35","00004f0000000000","URB_INTERRUPT in"
"402","188.678447","1.12.1","host","USB","35","0000000000000000","URB_INTERRUPT in"
"403","190.146470","1.12.1","host","USB","35","0000220000000000","URB_INTERRUPT in"
"404","190.232445","1.12.1","host","USB","35","0000000000000000","URB_INTERRUPT in"
"405","192.257450","1.12.1","host","USB","35","0000500000000000","URB_INTERRUPT in"
"406","192.367443","1.12.1","host","USB","35","0000000000000000","URB_INTERRUPT in"
"407","192.648442","1.12.1","host","USB","35","0000500000000000","URB_INTERRUPT in"
"408","192.788441","1.12.1","host","USB","35","0000000000000000","URB_INTERRUPT in"
"409","193.139467","1.12.1","host","USB","35","0000500000000000","URB_INTERRUPT in"
"410","193.229467","1.12.1","host","USB","35","0000000000000000","URB_INTERRUPT in"
"411","193.379465","1.12.1","host","USB","35","0200000000000000","URB_INTERRUPT in"
"412","194.001442","1.12.1","host","USB","35","02000c0000000000","URB_INTERRUPT in"
"413","194.076442","1.12.1","host","USB","35","0200000000000000","URB_INTERRUPT in"
"414","194.266467","1.12.1","host","USB","35","0000000000000000","URB_INTERRUPT in"
"415","196.592439","1.12.1","host","USB","35","00004f0000000000","URB_INTERRUPT in"
"416","196.727438","1.12.1","host","USB","35","0000000000000000","URB_INTERRUPT in"
"417","197.053438","1.12.1","host","USB","35","00004f0000000000","URB_INTERRUPT in"
"418","197.158438","1.12.1","host","USB","35","0000000000000000","URB_INTERRUPT in"
"419","197.529438","1.12.1","host","USB","35","00004f0000000000","URB_INTERRUPT in"
"420","197.670438","1.12.1","host","USB","35","0000000000000000","URB_INTERRUPT in"
"421","205.544430","1.12.1","host","USB","35","0200000000000000","URB_INTERRUPT in"
"422","205.829456","1.12.1","host","USB","35","02002d0000000000","URB_INTERRUPT in"
"423","205.905429","1.12.1","host","USB","35","0200000000000000","URB_INTERRUPT in"
"424","206.281429","1.12.1","host","USB","35","0000000000000000","URB_INTERRUPT in"
"425","207.027430","1.12.1","host","USB","35","00004f0000000000","URB_INTERRUPT in"
"426","207.168429","1.12.1","host","USB","35","0000000000000000","URB_INTERRUPT in"
"427","207.488427","1.12.1","host","USB","35","00004f0000000000","URB_INTERRUPT in"
"428","207.619429","1.12.1","host","USB","35","0000000000000000","URB_INTERRUPT in"
"429","208.220429","1.12.1","host","USB","35","00004f0000000000","URB_INTERRUPT in"
"430","208.356428","1.12.1","host","USB","35","0000000000000000","URB_INTERRUPT in"
"431","208.746452","1.12.1","host","USB","35","00004f0000000000","URB_INTERRUPT in"
"432","208.867427","1.12.1","host","USB","35","0000000000000000","URB_INTERRUPT in"
"433","209.042428","1.12.1","host","USB","35","00004f0000000000","URB_INTERRUPT in"
"434","209.157428","1.12.1","host","USB","35","0000000000000000","URB_INTERRUPT in"
"435","209.543427","1.12.1","host","USB","35","0000040000000000","URB_INTERRUPT in"
"436","209.629427","1.12.1","host","USB","35","0000000000000000","URB_INTERRUPT in"
"437","210.290425","1.12.1","host","USB","35","0000500000000000","URB_INTERRUPT in"
"438","210.416451","1.12.1","host","USB","35","0000000000000000","URB_INTERRUPT in"
"439","210.576451","1.12.1","host","USB","35","0000500000000000","URB_INTERRUPT in"
"440","210.681457","1.12.1","host","USB","35","0000000000000000","URB_INTERRUPT in"
"441","210.816426","1.12.1","host","USB","35","0000500000000000","URB_INTERRUPT in"
"442","210.912427","1.12.1","host","USB","35","0000000000000000","URB_INTERRUPT in"
"443","211.037427","1.12.1","host","USB","35","0000500000000000","URB_INTERRUPT in"
"444","211.142426","1.12.1","host","USB","35","0000000000000000","URB_INTERRUPT in"
"445","211.278424","1.12.1","host","USB","35","0000500000000000","URB_INTERRUPT in"
"446","211.398424","1.12.1","host","USB","35","0000000000000000","URB_INTERRUPT in"
"447","211.849424","1.12.1","host","USB","35","0000500000000000","URB_INTERRUPT in"
"448","211.974454","1.12.1","host","USB","35","0000000000000000","URB_INTERRUPT in"
"449","212.410424","1.12.1","host","USB","35","0000040000000000","URB_INTERRUPT in"
"450","212.511425","1.12.1","host","USB","35","0000000000000000","URB_INTERRUPT in"
"451","212.932422","1.12.1","host","USB","35","00004f0000000000","URB_INTERRUPT in"
"452","213.077424","1.12.1","host","USB","35","0000000000000000","URB_INTERRUPT in"
"453","213.448422","1.12.1","host","USB","35","00004f0000000000","URB_INTERRUPT in"
"454","213.583449","1.12.1","host","USB","35","0000000000000000","URB_INTERRUPT in"
"455","215.683422","1.12.1","host","USB","35","00004f0000000000","URB_INTERRUPT in"
"456","215.804421","1.12.1","host","USB","35","0000000000000000","URB_INTERRUPT in"
"457","216.250420","1.12.1","host","USB","35","00004f0000000000","URB_INTERRUPT in"
"458","216.380422","1.12.1","host","USB","35","0000000000000000","URB_INTERRUPT in"
"459","216.866419","1.12.1","host","USB","35","00004f0000000000","URB_INTERRUPT in"
"460","216.986419","1.12.1","host","USB","35","0000000000000000","URB_INTERRUPT in"
"461","217.192421","1.12.1","host","USB","35","00004f0000000000","URB_INTERRUPT in"
"462","217.312421","1.12.1","host","USB","35","0000000000000000","URB_INTERRUPT in"
"463","219.698418","1.12.1","host","USB","35","0000070000000000","URB_INTERRUPT in"
"464","219.783417","1.12.1","host","USB","35","0000000000000000","URB_INTERRUPT in"
"465","220.159442","1.12.1","host","USB","35","0000500000000000","URB_INTERRUPT in"
"466","220.254419","1.12.1","host","USB","35","0000000000000000","URB_INTERRUPT in"
"467","220.490417","1.12.1","host","USB","35","0000500000000000","URB_INTERRUPT in"
"468","220.590415","1.12.1","host","USB","35","0000000000000000","URB_INTERRUPT in"
"469","220.740444","1.12.1","host","USB","35","0000500000000000","URB_INTERRUPT in"
"470","220.856417","1.12.1","host","USB","35","0000000000000000","URB_INTERRUPT in"
"471","221.011415","1.12.1","host","USB","35","0000500000000000","URB_INTERRUPT in"
"472","221.116443","1.12.1","host","USB","35","0000000000000000","URB_INTERRUPT in"
"473","222.044441","1.12.1","host","USB","35","00001c0000000000","URB_INTERRUPT in"
"474","222.099414","1.12.1","host","USB","35","0000000000000000","URB_INTERRUPT in"
"475","222.259416","1.12.1","host","USB","35","00004f0000000000","URB_INTERRUPT in"
"476","222.349414","1.12.1","host","USB","35","0000000000000000","URB_INTERRUPT in"
"477","222.846413","1.12.1","host","USB","35","00004f0000000000","URB_INTERRUPT in"
"478","222.991415","1.12.1","host","USB","35","0000000000000000","URB_INTERRUPT in"
"479","223.422442","1.12.1","host","USB","35","00004f0000000000","URB_INTERRUPT in"
"480","223.507414","1.12.1","host","USB","35","0000000000000000","URB_INTERRUPT in"
"481","224.114414","1.12.1","host","USB","35","0000150000000000","URB_INTERRUPT in"
"482","224.189414","1.12.1","host","USB","35","0000000000000000","URB_INTERRUPT in"
